<?xml version="1.0" encoding="UTF-8" ?>
<Actors>
<Actor>
  <id>386781</id>
  <Image>actors/386781.jpg</Image>
  <Name>Millie Bobby Brown</Name>
  <Role>Eleven</Role>
  <SortOrder>0</SortOrder>
</Actor>
<Actor>
  <id>368571</id>
  <Image>actors/368571.jpg</Image>
  <Name>Winona Ryder</Name>
  <Role>Joyce Byers</Role>
  <SortOrder>0</SortOrder>
</Actor>
<Actor>
  <id>386784</id>
  <Image>actors/386784.jpg</Image>
  <Name>Finn Wolfhard</Name>
  <Role>Mike Wheeler</Role>
  <SortOrder>1</SortOrder>
</Actor>
<Actor>
  <id>386785</id>
  <Image>actors/386785.jpg</Image>
  <Name>Natalia Dyer</Name>
  <Role>Nancy Wheeler</Role>
  <SortOrder>2</SortOrder>
</Actor>
<Actor>
  <id>389675</id>
  <Image>actors/389675.jpg</Image>
  <Name>Charlie Heaton</Name>
  <Role>Jonathan Byers</Role>
  <SortOrder>3</SortOrder>
</Actor>
<Actor>
  <id>386786</id>
  <Image>actors/386786.jpg</Image>
  <Name>Noah Schnapp</Name>
  <Role>Will Byers</Role>
  <SortOrder>3</SortOrder>
</Actor>
<Actor>
  <id>386783</id>
  <Image>actors/386783.jpg</Image>
  <Name>Caleb McLaughlin</Name>
  <Role>Lucas Sinclair</Role>
  <SortOrder>3</SortOrder>
</Actor>
<Actor>
  <id>386782</id>
  <Image>actors/386782.jpg</Image>
  <Name>Gaten Matarazzo</Name>
  <Role>Dustin Henderson</Role>
  <SortOrder>3</SortOrder>
</Actor>
<Actor>
  <id>386779</id>
  <Image>actors/386779.jpg</Image>
  <Name>David Harbour</Name>
  <Role>Jim Hopper</Role>
  <SortOrder>3</SortOrder>
</Actor>
<Actor>
  <id>368572</id>
  <Image>actors/368572.jpg</Image>
  <Name>Matthew Modine</Name>
  <Role>Martin Brenner</Role>
  <SortOrder>3</SortOrder>
</Actor>
</Actors>