<?xml version="1.0" encoding="UTF-8" ?>
<Banners>
<Banner>
  <id>1159326</id>
  <BannerPath>fanart/original/305288-13.jpg</BannerPath>
  <BannerType>fanart</BannerType>
  <BannerType2>1920x1080</BannerType2>
  <Colors></Colors>
  <Language>en</Language>
  <Rating>10.0000</Rating>
  <RatingCount>2</RatingCount>
  <SeriesName>false</SeriesName>
  <ThumbnailPath>_cache/fanart/original/305288-13.jpg</ThumbnailPath>
  <VignettePath>fanart/vignette/305288-13.jpg</VignettePath>
</Banner>
<Banner>
  <id>1151945</id>
  <BannerPath>fanart/original/305288-10.jpg</BannerPath>
  <BannerType>fanart</BannerType>
  <BannerType2>1920x1080</BannerType2>
  <Colors></Colors>
  <Language>de</Language>
  <Rating>9.5000</Rating>
  <RatingCount>4</RatingCount>
  <SeriesName>false</SeriesName>
  <ThumbnailPath>_cache/fanart/original/305288-10.jpg</ThumbnailPath>
  <VignettePath>fanart/vignette/305288-10.jpg</VignettePath>
</Banner>
<Banner>
  <id>1155520</id>
  <BannerPath>fanart/original/305288-11.jpg</BannerPath>
  <BannerType>fanart</BannerType>
  <BannerType2>1280x720</BannerType2>
  <Colors></Colors>
  <Language>en</Language>
  <Rating>7.7500</Rating>
  <RatingCount>4</RatingCount>
  <SeriesName>true</SeriesName>
  <ThumbnailPath>_cache/fanart/original/305288-11.jpg</ThumbnailPath>
  <VignettePath>fanart/vignette/305288-11.jpg</VignettePath>
</Banner>
<Banner>
  <id>1147229</id>
  <BannerPath>fanart/original/305288-9.jpg</BannerPath>
  <BannerType>fanart</BannerType>
  <BannerType2>1920x1080</BannerType2>
  <Colors></Colors>
  <Language>en</Language>
  <Rating>7.5455</Rating>
  <RatingCount>11</RatingCount>
  <SeriesName>false</SeriesName>
  <ThumbnailPath>_cache/fanart/original/305288-9.jpg</ThumbnailPath>
  <VignettePath>fanart/vignette/305288-9.jpg</VignettePath>
</Banner>
<Banner>
  <id>1145225</id>
  <BannerPath>fanart/original/305288-6.jpg</BannerPath>
  <BannerType>fanart</BannerType>
  <BannerType2>1920x1080</BannerType2>
  <Colors></Colors>
  <Language>en</Language>
  <Rating>5.5000</Rating>
  <RatingCount>4</RatingCount>
  <SeriesName>true</SeriesName>
  <ThumbnailPath>_cache/fanart/original/305288-6.jpg</ThumbnailPath>
  <VignettePath>fanart/vignette/305288-6.jpg</VignettePath>
</Banner>
<Banner>
  <id>1138765</id>
  <BannerPath>fanart/original/305288-1.jpg</BannerPath>
  <BannerType>fanart</BannerType>
  <BannerType2>1920x1080</BannerType2>
  <Colors></Colors>
  <Language>en</Language>
  <Rating>5.5000</Rating>
  <RatingCount>4</RatingCount>
  <SeriesName>false</SeriesName>
  <ThumbnailPath>_cache/fanart/original/305288-1.jpg</ThumbnailPath>
  <VignettePath>fanart/vignette/305288-1.jpg</VignettePath>
</Banner>
<Banner>
  <id>1138766</id>
  <BannerPath>fanart/original/305288-2.jpg</BannerPath>
  <BannerType>fanart</BannerType>
  <BannerType2>1920x1080</BannerType2>
  <Colors></Colors>
  <Language>en</Language>
  <Rating>4.0000</Rating>
  <RatingCount>5</RatingCount>
  <SeriesName>false</SeriesName>
  <ThumbnailPath>_cache/fanart/original/305288-2.jpg</ThumbnailPath>
  <VignettePath>fanart/vignette/305288-2.jpg</VignettePath>
</Banner>
<Banner>
  <id>1138768</id>
  <BannerPath>fanart/original/305288-4.jpg</BannerPath>
  <BannerType>fanart</BannerType>
  <BannerType2>1920x1080</BannerType2>
  <Colors></Colors>
  <Language>en</Language>
  <Rating>3.2500</Rating>
  <RatingCount>4</RatingCount>
  <SeriesName>false</SeriesName>
  <ThumbnailPath>_cache/fanart/original/305288-4.jpg</ThumbnailPath>
  <VignettePath>fanart/vignette/305288-4.jpg</VignettePath>
</Banner>
<Banner>
  <id>1138767</id>
  <BannerPath>fanart/original/305288-3.jpg</BannerPath>
  <BannerType>fanart</BannerType>
  <BannerType2>1920x1080</BannerType2>
  <Colors></Colors>
  <Language>en</Language>
  <Rating>3.2500</Rating>
  <RatingCount>4</RatingCount>
  <SeriesName>false</SeriesName>
  <ThumbnailPath>_cache/fanart/original/305288-3.jpg</ThumbnailPath>
  <VignettePath>fanart/vignette/305288-3.jpg</VignettePath>
</Banner>
<Banner>
  <id>1147199</id>
  <BannerPath>fanart/original/305288-8.jpg</BannerPath>
  <BannerType>fanart</BannerType>
  <BannerType2>1920x1080</BannerType2>
  <Colors></Colors>
  <Language>en</Language>
  <Rating>3.2500</Rating>
  <RatingCount>4</RatingCount>
  <SeriesName>true</SeriesName>
  <ThumbnailPath>_cache/fanart/original/305288-8.jpg</ThumbnailPath>
  <VignettePath>fanart/vignette/305288-8.jpg</VignettePath>
</Banner>
<Banner>
  <id>1149418</id>
  <BannerPath>fanart/original/305288-5.jpg</BannerPath>
  <BannerType>fanart</BannerType>
  <BannerType2>1920x1080</BannerType2>
  <Colors></Colors>
  <Language>en</Language>
  <Rating>1.0000</Rating>
  <RatingCount>1</RatingCount>
  <SeriesName>false</SeriesName>
  <ThumbnailPath>_cache/fanart/original/305288-5.jpg</ThumbnailPath>
  <VignettePath>fanart/vignette/305288-5.jpg</VignettePath>
</Banner>
<Banner>
  <id>1155692</id>
  <BannerPath>fanart/original/305288-12.jpg</BannerPath>
  <BannerType>fanart</BannerType>
  <BannerType2>1920x1080</BannerType2>
  <Colors></Colors>
  <Language>en</Language>
  <Rating></Rating>
  <RatingCount>0</RatingCount>
  <SeriesName>true</SeriesName>
  <ThumbnailPath>_cache/fanart/original/305288-12.jpg</ThumbnailPath>
  <VignettePath>fanart/vignette/305288-12.jpg</VignettePath>
</Banner>
<Banner>
  <id>1151947</id>
  <BannerPath>fanart/original/305288-7.jpg</BannerPath>
  <BannerType>fanart</BannerType>
  <BannerType2>1920x1080</BannerType2>
  <Colors></Colors>
  <Language>en</Language>
  <Rating></Rating>
  <RatingCount>0</RatingCount>
  <SeriesName>true</SeriesName>
  <ThumbnailPath>_cache/fanart/original/305288-7.jpg</ThumbnailPath>
  <VignettePath>fanart/vignette/305288-7.jpg</VignettePath>
</Banner>
<Banner>
  <id>1149668</id>
  <BannerPath>posters/305288-4.jpg</BannerPath>
  <BannerType>poster</BannerType>
  <BannerType2>680x1000</BannerType2>
  <Language>en</Language>
  <Rating>6.9697</Rating>
  <RatingCount>33</RatingCount>
</Banner>
<Banner>
  <id>1149669</id>
  <BannerPath>posters/305288-5.jpg</BannerPath>
  <BannerType>poster</BannerType>
  <BannerType2>680x1000</BannerType2>
  <Language>en</Language>
  <Rating>6.6000</Rating>
  <RatingCount>35</RatingCount>
</Banner>
<Banner>
  <id>1153055</id>
  <BannerPath>posters/305288-9.jpg</BannerPath>
  <BannerType>poster</BannerType>
  <BannerType2>680x1000</BannerType2>
  <Language>en</Language>
  <Rating>6.3333</Rating>
  <RatingCount>3</RatingCount>
</Banner>
<Banner>
  <id>1153047</id>
  <BannerPath>posters/305288-8.jpg</BannerPath>
  <BannerType>poster</BannerType>
  <BannerType2>680x1000</BannerType2>
  <Language>en</Language>
  <Rating>5.7778</Rating>
  <RatingCount>9</RatingCount>
</Banner>
<Banner>
  <id>1152031</id>
  <BannerPath>posters/305288-7.jpg</BannerPath>
  <BannerType>poster</BannerType>
  <BannerType2>680x1000</BannerType2>
  <Language>en</Language>
  <Rating>5.7143</Rating>
  <RatingCount>7</RatingCount>
</Banner>
<Banner>
  <id>1154480</id>
  <BannerPath>posters/305288-1.jpg</BannerPath>
  <BannerType>poster</BannerType>
  <BannerType2>680x1000</BannerType2>
  <Language>en</Language>
  <Rating>5.5000</Rating>
  <RatingCount>2</RatingCount>
</Banner>
<Banner>
  <id>1150616</id>
  <BannerPath>posters/305288-2.jpg</BannerPath>
  <BannerType>poster</BannerType>
  <BannerType2>680x1000</BannerType2>
  <Language>en</Language>
  <Rating>4.6000</Rating>
  <RatingCount>5</RatingCount>
</Banner>
<Banner>
  <id>1153061</id>
  <BannerPath>posters/305288-10.jpg</BannerPath>
  <BannerType>poster</BannerType>
  <BannerType2>680x1000</BannerType2>
  <Language>en</Language>
  <Rating>1.5000</Rating>
  <RatingCount>2</RatingCount>
</Banner>
<Banner>
  <id>1149634</id>
  <BannerPath>posters/305288-3.jpg</BannerPath>
  <BannerType>poster</BannerType>
  <BannerType2>680x1000</BannerType2>
  <Language>ru</Language>
  <Rating>1.0000</Rating>
  <RatingCount>11</RatingCount>
</Banner>
<Banner>
  <id>1155593</id>
  <BannerPath>posters/305288-6.jpg</BannerPath>
  <BannerType>poster</BannerType>
  <BannerType2>680x1000</BannerType2>
  <Language>en</Language>
  <Rating></Rating>
  <RatingCount>0</RatingCount>
</Banner>
<Banner>
  <id>1154479</id>
  <BannerPath>posters/305288-11.jpg</BannerPath>
  <BannerType>poster</BannerType>
  <BannerType2>680x1000</BannerType2>
  <Language>en</Language>
  <Rating></Rating>
  <RatingCount>0</RatingCount>
</Banner>
<Banner>
  <id>1149496</id>
  <BannerPath>seasons/305288-1-3.jpg</BannerPath>
  <BannerType>season</BannerType>
  <BannerType2>season</BannerType2>
  <Language>en</Language>
  <Rating>7.7500</Rating>
  <RatingCount>4</RatingCount>
  <Season>1</Season>
</Banner>
<Banner>
  <id>1150766</id>
  <BannerPath>seasons/305288-1.jpg</BannerPath>
  <BannerType>season</BannerType>
  <BannerType2>season</BannerType2>
  <Language>en</Language>
  <Rating>4.0000</Rating>
  <RatingCount>3</RatingCount>
  <Season>1</Season>
</Banner>
<Banner>
  <id>1149152</id>
  <BannerPath>graphical/305288-g4.jpg</BannerPath>
  <BannerType>series</BannerType>
  <BannerType2>graphical</BannerType2>
  <Language>en</Language>
  <Rating>10.0000</Rating>
  <RatingCount>2</RatingCount>
</Banner>
<Banner>
  <id>1142710</id>
  <BannerPath>graphical/305288-g3.jpg</BannerPath>
  <BannerType>series</BannerType>
  <BannerType2>graphical</BannerType2>
  <Language>en</Language>
  <Rating>9.0000</Rating>
  <RatingCount>2</RatingCount>
</Banner>
<Banner>
  <id>1145226</id>
  <BannerPath>graphical/305288-g.jpg</BannerPath>
  <BannerType>series</BannerType>
  <BannerType2>graphical</BannerType2>
  <Language>en</Language>
  <Rating>8.2000</Rating>
  <RatingCount>5</RatingCount>
</Banner>
<Banner>
  <id>1145227</id>
  <BannerPath>graphical/305288-g2.jpg</BannerPath>
  <BannerType>series</BannerType>
  <BannerType2>graphical</BannerType2>
  <Language>en</Language>
  <Rating>5.0000</Rating>
  <RatingCount>1</RatingCount>
</Banner>
</Banners>