<?xml version="1.0" encoding="UTF-8" ?>
<Data><Series>
  <id>305288</id>
  <Actors>|Millie Bobby Brown|Winona Ryder|Finn Wolfhard|Natalia Dyer|Charlie Heaton|Noah Schnapp|Caleb McLaughlin|Gaten Matarazzo|David Harbour|Matthew Modine|</Actors>
  <Airs_DayOfWeek>Friday</Airs_DayOfWeek>
  <Airs_Time>12:00 AM</Airs_Time>
  <ContentRating>TV-14</ContentRating>
  <FirstAired>2016-07-15</FirstAired>
  <Genre>|Drama|Horror|Mystery|Science-Fiction|Suspense|</Genre>
  <IMDB_ID>tt4574334</IMDB_ID>
  <Language>fr</Language>
  <Network>Netflix</Network>
  <NetworkID></NetworkID>
  <Overview>En 1983, à Hawkins dans l’Indiana, un jeune garçon disparaît sans laisser de traces. La famille, les amis et la police locale cherchent des réponses et se retrouvent plongés dans un mystère mêlant des expériences secrètes menées par le gouvernement, des forces surnaturelles et une petite fille particulièrement étrange.</Overview>
  <Rating>9.0</Rating>
  <RatingCount>45</RatingCount>
  <Runtime>50</Runtime>
  <SeriesID></SeriesID>
  <SeriesName>Stranger Things</SeriesName>
  <Status>Continuing</Status>
  <added>2016-01-02 16:43:25</added>
  <addedBy>442515</addedBy>
  <banner>graphical/305288-g4.jpg</banner>
  <fanart>fanart/original/305288-13.jpg</fanart>
  <finale_aired>2016-07-15</finale_aired>
  <lastupdated>1478825255</lastupdated>
  <poster>posters/305288-4.jpg</poster>
  <tms_wanted_old>0</tms_wanted_old>
  <zap2it_id>EP02451975</zap2it_id>
</Series>
<Episode>
  <id>5832174</id>
  <Combined_episodenumber>1</Combined_episodenumber>
  <Combined_season>0</Combined_season>
  <DVD_chapter></DVD_chapter>
  <DVD_discid></DVD_discid>
  <DVD_episodenumber></DVD_episodenumber>
  <DVD_season></DVD_season>
  <Director></Director>
  <EpImgFlag></EpImgFlag>
  <EpisodeName>Tercer Milenio Presenta</EpisodeName>
  <EpisodeNumber>1</EpisodeNumber>
  <FirstAired></FirstAired>
  <GuestStars></GuestStars>
  <IMDB_ID></IMDB_ID>
  <Language>fr</Language>
  <Overview></Overview>
  <ProductionCode></ProductionCode>
  <Rating></Rating>
  <RatingCount>0</RatingCount>
  <SeasonNumber>0</SeasonNumber>
  <Writer></Writer>
  <absolute_number></absolute_number>
  <airsafter_season></airsafter_season>
  <airsbefore_episode></airsbefore_episode>
  <airsbefore_season></airsbefore_season>
  <filename></filename>
  <is_movie>0</is_movie>
  <lastupdated>1478825218</lastupdated>
  <seasonid>650459</seasonid>
  <seriesid>305288</seriesid>
  <thumb_added></thumb_added>
  <thumb_height></thumb_height>
  <thumb_width></thumb_width>
</Episode>
<Episode>
  <id>5468124</id>
  <Combined_episodenumber>1.0</Combined_episodenumber>
  <Combined_season>1</Combined_season>
  <DVD_chapter></DVD_chapter>
  <DVD_discid></DVD_discid>
  <DVD_episodenumber>1.0</DVD_episodenumber>
  <DVD_season>1</DVD_season>
  <Director>|Matt Duffer|Ross Duffer|</Director>
  <EpImgFlag>2</EpImgFlag>
  <EpisodeName>La disparition de Will Beyers</EpisodeName>
  <EpisodeNumber>1</EpisodeNumber>
  <FirstAired>2016-07-15</FirstAired>
  <GuestStars></GuestStars>
  <IMDB_ID>tt4593118</IMDB_ID>
  <Language>fr</Language>
  <Overview>Quand un jeune garçon disparaît, sa mère doit faire face à des forces terrifiantes afin de le faire revenir.</Overview>
  <ProductionCode></ProductionCode>
  <Rating>8.2</Rating>
  <RatingCount>34</RatingCount>
  <SeasonNumber>1</SeasonNumber>
  <Writer>|Matt Duffer|Ross Duffer|</Writer>
  <absolute_number>1</absolute_number>
  <filename>episodes/305288/5468124.jpg</filename>
  <is_movie>0</is_movie>
  <lastupdated>1476598806</lastupdated>
  <seasonid>651264</seasonid>
  <seriesid>305288</seriesid>
  <thumb_added>2016-07-15 13:55:43</thumb_added>
  <thumb_height>225</thumb_height>
  <thumb_width>400</thumb_width>
</Episode>
<Episode>
  <id>5481194</id>
  <Combined_episodenumber>2.0</Combined_episodenumber>
  <Combined_season>1</Combined_season>
  <DVD_chapter></DVD_chapter>
  <DVD_discid></DVD_discid>
  <DVD_episodenumber>2.0</DVD_episodenumber>
  <DVD_season>1</DVD_season>
  <Director>|Matt Duffer|Ross Duffer|</Director>
  <EpImgFlag>2</EpImgFlag>
  <EpisodeName>La barjot de Mapple Street</EpisodeName>
  <EpisodeNumber>2</EpisodeNumber>
  <FirstAired>2016-07-15</FirstAired>
  <GuestStars></GuestStars>
  <IMDB_ID>tt4593122</IMDB_ID>
  <Language>fr</Language>
  <Overview>Lucas, Mike et Dustin essaient de parler à la fille qu'ils ont trouvé dans les bois. Hopper interroge Joyce à propos d' un appel troublant.</Overview>
  <ProductionCode></ProductionCode>
  <Rating>7.8</Rating>
  <RatingCount>32</RatingCount>
  <SeasonNumber>1</SeasonNumber>
  <Writer>|Matt Duffer|Ross Duffer|</Writer>
  <absolute_number>2</absolute_number>
  <filename>episodes/305288/5481194.jpg</filename>
  <is_movie>0</is_movie>
  <lastupdated>1476598825</lastupdated>
  <seasonid>651264</seasonid>
  <seriesid>305288</seriesid>
  <thumb_added>2016-07-15 13:56:08</thumb_added>
  <thumb_height>225</thumb_height>
  <thumb_width>400</thumb_width>
</Episode>
<Episode>
  <id>5621926</id>
  <Combined_episodenumber>3.0</Combined_episodenumber>
  <Combined_season>1</Combined_season>
  <DVD_chapter></DVD_chapter>
  <DVD_discid></DVD_discid>
  <DVD_episodenumber>3.0</DVD_episodenumber>
  <DVD_season>1</DVD_season>
  <Director>Shawn Levy</Director>
  <EpImgFlag>2</EpImgFlag>
  <EpisodeName>Petit papa Noël</EpisodeName>
  <EpisodeNumber>3</EpisodeNumber>
  <FirstAired>2016-07-15</FirstAired>
  <GuestStars></GuestStars>
  <IMDB_ID>tt4593126</IMDB_ID>
  <Language>fr</Language>
  <Overview>Une Nancy de plus en plus préoccupée cherche Barbara et découvre les manigances de Jonathan. Joyce est convaincue que Will tente de communiquer avec elle.</Overview>
  <ProductionCode></ProductionCode>
  <Rating>8.0</Rating>
  <RatingCount>29</RatingCount>
  <SeasonNumber>1</SeasonNumber>
  <Writer>|Matt Duffer|Ross Duffer|Jessica Mecklenburg|</Writer>
  <absolute_number>3</absolute_number>
  <filename>episodes/305288/5621926.jpg</filename>
  <is_movie>0</is_movie>
  <lastupdated>1476598846</lastupdated>
  <seasonid>651264</seasonid>
  <seriesid>305288</seriesid>
  <thumb_added>2016-07-15 13:56:24</thumb_added>
  <thumb_height>225</thumb_height>
  <thumb_width>400</thumb_width>
</Episode>
<Episode>
  <id>5621928</id>
  <Combined_episodenumber>4.0</Combined_episodenumber>
  <Combined_season>1</Combined_season>
  <DVD_chapter></DVD_chapter>
  <DVD_discid></DVD_discid>
  <DVD_episodenumber>4.0</DVD_episodenumber>
  <DVD_season>1</DVD_season>
  <Director>Shawn Levy</Director>
  <EpImgFlag>2</EpImgFlag>
  <EpisodeName>Le corps</EpisodeName>
  <EpisodeNumber>4</EpisodeNumber>
  <FirstAired>2016-07-15</FirstAired>
  <GuestStars></GuestStars>
  <IMDB_ID>tt4593124</IMDB_ID>
  <Language>fr</Language>
  <Overview>Refusant sa mort, Joyce tente de communiquer avec son fils. Les garçons offrent une métamorphose à Onze, alors que Nancy et Jonathan forment une alliance inattendue.</Overview>
  <ProductionCode></ProductionCode>
  <Rating>8.3</Rating>
  <RatingCount>29</RatingCount>
  <SeasonNumber>1</SeasonNumber>
  <Writer>|Matt Duffer|Ross Duffer|</Writer>
  <absolute_number>4</absolute_number>
  <filename>episodes/305288/5621928.jpg</filename>
  <is_movie>0</is_movie>
  <lastupdated>1476598859</lastupdated>
  <seasonid>651264</seasonid>
  <seriesid>305288</seriesid>
  <thumb_added>2016-07-15 13:56:40</thumb_added>
  <thumb_height>225</thumb_height>
  <thumb_width>400</thumb_width>
</Episode>
<Episode>
  <id>5621929</id>
  <Combined_episodenumber>5.0</Combined_episodenumber>
  <Combined_season>1</Combined_season>
  <DVD_chapter></DVD_chapter>
  <DVD_discid></DVD_discid>
  <DVD_episodenumber>5.0</DVD_episodenumber>
  <DVD_season>1</DVD_season>
  <Director>|Matt Duffer|Ross Duffer|</Director>
  <EpImgFlag>2</EpImgFlag>
  <EpisodeName>La puce et l'acrobate</EpisodeName>
  <EpisodeNumber>5</EpisodeNumber>
  <FirstAired>2016-07-15</FirstAired>
  <GuestStars></GuestStars>
  <IMDB_ID>tt4593128</IMDB_ID>
  <Language>fr</Language>
  <Overview>Hopper infiltre le laboratoire, Nancy et Jonathan affrontent la force qui a ravi Will, et les garçons demandent à M. Clarke comment voyager vers une autre dimension.</Overview>
  <ProductionCode></ProductionCode>
  <Rating>8.2</Rating>
  <RatingCount>26</RatingCount>
  <SeasonNumber>1</SeasonNumber>
  <Writer>|Matt Duffer|Ross Duffer|</Writer>
  <absolute_number>5</absolute_number>
  <filename>episodes/305288/5621929.jpg</filename>
  <is_movie>0</is_movie>
  <lastupdated>1476598873</lastupdated>
  <seasonid>651264</seasonid>
  <seriesid>305288</seriesid>
  <thumb_added>2016-07-15 13:56:56</thumb_added>
  <thumb_height>225</thumb_height>
  <thumb_width>400</thumb_width>
</Episode>
<Episode>
  <id>5621930</id>
  <Combined_episodenumber>6.0</Combined_episodenumber>
  <Combined_season>1</Combined_season>
  <DVD_chapter></DVD_chapter>
  <DVD_discid></DVD_discid>
  <DVD_episodenumber>6.0</DVD_episodenumber>
  <DVD_season>1</DVD_season>
  <Director>|Matt Duffer|Ross Duffer|</Director>
  <EpImgFlag>2</EpImgFlag>
  <EpisodeName>Le monstre</EpisodeName>
  <EpisodeNumber>6</EpisodeNumber>
  <FirstAired>2016-07-15</FirstAired>
  <GuestStars></GuestStars>
  <IMDB_ID>tt4593132</IMDB_ID>
  <Language>fr</Language>
  <Overview>Un Jonathan hors de lui recherche Nancy dans les ténèbres, alors que Steve fait de même. Hopper et Joyce découvrent la vérité sur les expériences menées au laboratoire.</Overview>
  <ProductionCode></ProductionCode>
  <Rating>8.1</Rating>
  <RatingCount>28</RatingCount>
  <SeasonNumber>1</SeasonNumber>
  <Writer>|Matt Duffer|Ross Duffer|Jessie Nickson-Lopez|</Writer>
  <absolute_number>6</absolute_number>
  <filename>episodes/305288/5621930.jpg</filename>
  <is_movie>0</is_movie>
  <lastupdated>1476598890</lastupdated>
  <seasonid>651264</seasonid>
  <seriesid>305288</seriesid>
  <thumb_added>2016-07-15 13:57:11</thumb_added>
  <thumb_height>225</thumb_height>
  <thumb_width>400</thumb_width>
</Episode>
<Episode>
  <id>5621931</id>
  <Combined_episodenumber>7.0</Combined_episodenumber>
  <Combined_season>1</Combined_season>
  <DVD_chapter></DVD_chapter>
  <DVD_discid></DVD_discid>
  <DVD_episodenumber>7.0</DVD_episodenumber>
  <DVD_season>1</DVD_season>
  <Director>|Matt Duffer|Ross Duffer|</Director>
  <EpImgFlag>2</EpImgFlag>
  <EpisodeName>Le bain</EpisodeName>
  <EpisodeNumber>7</EpisodeNumber>
  <FirstAired>2016-07-15</FirstAired>
  <GuestStars></GuestStars>
  <IMDB_ID>tt4593134</IMDB_ID>
  <Language>fr</Language>
  <Overview>Onze tente de communiquer avec Will, alors que Lucas la met en garde que « les méchants approchent ». Nancy et Jonathan montrent à la police ce que Jonathan a filmé.</Overview>
  <ProductionCode></ProductionCode>
  <Rating>8.2</Rating>
  <RatingCount>26</RatingCount>
  <SeasonNumber>1</SeasonNumber>
  <Writer>Justin Doble</Writer>
  <absolute_number>7</absolute_number>
  <filename>episodes/305288/5621931.jpg</filename>
  <is_movie>0</is_movie>
  <lastupdated>1476598903</lastupdated>
  <seasonid>651264</seasonid>
  <seriesid>305288</seriesid>
  <thumb_added>2016-07-15 13:57:29</thumb_added>
  <thumb_height>225</thumb_height>
  <thumb_width>400</thumb_width>
</Episode>
<Episode>
  <id>5621932</id>
  <Combined_episodenumber>8.0</Combined_episodenumber>
  <Combined_season>1</Combined_season>
  <DVD_chapter></DVD_chapter>
  <DVD_discid></DVD_discid>
  <DVD_episodenumber>8.0</DVD_episodenumber>
  <DVD_season>1</DVD_season>
  <Director>|Matt Duffer|Ross Duffer|</Director>
  <EpImgFlag>2</EpImgFlag>
  <EpisodeName>Le monde à l'envers</EpisodeName>
  <EpisodeNumber>8</EpisodeNumber>
  <FirstAired>2016-07-15</FirstAired>
  <GuestStars></GuestStars>
  <IMDB_ID>tt4593138</IMDB_ID>
  <Language>fr</Language>
  <Overview>Le Dr. Brenner détient Hopper et Joyce pour interrogatoire tandis que les garçons attendent avec Eleven dans le gymnase. Will, Nancy et Jonathan se préparent au combat.</Overview>
  <ProductionCode></ProductionCode>
  <Rating>8.1</Rating>
  <RatingCount>27</RatingCount>
  <SeasonNumber>1</SeasonNumber>
  <Writer>|Paul Dichter|Matt Duffer|Ross Duffer|</Writer>
  <absolute_number>8</absolute_number>
  <filename>episodes/305288/5621932.jpg</filename>
  <is_movie>0</is_movie>
  <lastupdated>1476598916</lastupdated>
  <seasonid>651264</seasonid>
  <seriesid>305288</seriesid>
  <thumb_added>2016-07-15 13:57:49</thumb_added>
  <thumb_height>225</thumb_height>
  <thumb_width>400</thumb_width>
</Episode>
<Episode>
  <id>5734306</id>
  <Combined_episodenumber>1.0</Combined_episodenumber>
  <Combined_season>2</Combined_season>
  <DVD_chapter></DVD_chapter>
  <DVD_discid></DVD_discid>
  <DVD_episodenumber>1.0</DVD_episodenumber>
  <DVD_season>2</DVD_season>
  <Director></Director>
  <EpImgFlag></EpImgFlag>
  <EpisodeName>Chapter Nine: Mad Max</EpisodeName>
  <EpisodeNumber>1</EpisodeNumber>
  <FirstAired></FirstAired>
  <GuestStars></GuestStars>
  <IMDB_ID>tt6020684</IMDB_ID>
  <Language>fr</Language>
  <Overview></Overview>
  <ProductionCode></ProductionCode>
  <Rating></Rating>
  <RatingCount>0</RatingCount>
  <SeasonNumber>2</SeasonNumber>
  <Writer></Writer>
  <absolute_number>9</absolute_number>
  <filename></filename>
  <is_movie>0</is_movie>
  <lastupdated>1477336137</lastupdated>
  <seasonid>679296</seasonid>
  <seriesid>305288</seriesid>
  <thumb_added></thumb_added>
  <thumb_height></thumb_height>
  <thumb_width></thumb_width>
</Episode>
<Episode>
  <id>5734307</id>
  <Combined_episodenumber>2.0</Combined_episodenumber>
  <Combined_season>2</Combined_season>
  <DVD_chapter></DVD_chapter>
  <DVD_discid></DVD_discid>
  <DVD_episodenumber>2.0</DVD_episodenumber>
  <DVD_season>2</DVD_season>
  <Director></Director>
  <EpImgFlag></EpImgFlag>
  <EpisodeName>Chapter Ten: The Boy Who Came Back to Life</EpisodeName>
  <EpisodeNumber>2</EpisodeNumber>
  <FirstAired></FirstAired>
  <GuestStars></GuestStars>
  <IMDB_ID>tt6020792</IMDB_ID>
  <Language>fr</Language>
  <Overview></Overview>
  <ProductionCode></ProductionCode>
  <Rating></Rating>
  <RatingCount>0</RatingCount>
  <SeasonNumber>2</SeasonNumber>
  <Writer></Writer>
  <absolute_number>10</absolute_number>
  <filename></filename>
  <is_movie>0</is_movie>
  <lastupdated>1477336146</lastupdated>
  <seasonid>679296</seasonid>
  <seriesid>305288</seriesid>
  <thumb_added></thumb_added>
  <thumb_height></thumb_height>
  <thumb_width></thumb_width>
</Episode>
<Episode>
  <id>5734308</id>
  <Combined_episodenumber>3.0</Combined_episodenumber>
  <Combined_season>2</Combined_season>
  <DVD_chapter></DVD_chapter>
  <DVD_discid></DVD_discid>
  <DVD_episodenumber>3.0</DVD_episodenumber>
  <DVD_season>2</DVD_season>
  <Director></Director>
  <EpImgFlag></EpImgFlag>
  <EpisodeName>Chapter Eleven: The Pumpkin Patch</EpisodeName>
  <EpisodeNumber>3</EpisodeNumber>
  <FirstAired></FirstAired>
  <GuestStars></GuestStars>
  <IMDB_ID>tt6020796</IMDB_ID>
  <Language>fr</Language>
  <Overview></Overview>
  <ProductionCode></ProductionCode>
  <Rating></Rating>
  <RatingCount>0</RatingCount>
  <SeasonNumber>2</SeasonNumber>
  <Writer></Writer>
  <absolute_number>11</absolute_number>
  <filename></filename>
  <is_movie>0</is_movie>
  <lastupdated>1477336153</lastupdated>
  <seasonid>679296</seasonid>
  <seriesid>305288</seriesid>
  <thumb_added></thumb_added>
  <thumb_height></thumb_height>
  <thumb_width></thumb_width>
</Episode>
<Episode>
  <id>5734309</id>
  <Combined_episodenumber>4.0</Combined_episodenumber>
  <Combined_season>2</Combined_season>
  <DVD_chapter></DVD_chapter>
  <DVD_discid></DVD_discid>
  <DVD_episodenumber>4.0</DVD_episodenumber>
  <DVD_season>2</DVD_season>
  <Director></Director>
  <EpImgFlag></EpImgFlag>
  <EpisodeName>Chapter Twelve: The Palace</EpisodeName>
  <EpisodeNumber>4</EpisodeNumber>
  <FirstAired></FirstAired>
  <GuestStars></GuestStars>
  <IMDB_ID>tt6020802</IMDB_ID>
  <Language>fr</Language>
  <Overview></Overview>
  <ProductionCode></ProductionCode>
  <Rating></Rating>
  <RatingCount>0</RatingCount>
  <SeasonNumber>2</SeasonNumber>
  <Writer></Writer>
  <absolute_number>12</absolute_number>
  <filename></filename>
  <is_movie>0</is_movie>
  <lastupdated>1477336167</lastupdated>
  <seasonid>679296</seasonid>
  <seriesid>305288</seriesid>
  <thumb_added></thumb_added>
  <thumb_height></thumb_height>
  <thumb_width></thumb_width>
</Episode>
<Episode>
  <id>5734310</id>
  <Combined_episodenumber>5.0</Combined_episodenumber>
  <Combined_season>2</Combined_season>
  <DVD_chapter></DVD_chapter>
  <DVD_discid></DVD_discid>
  <DVD_episodenumber>5.0</DVD_episodenumber>
  <DVD_season>2</DVD_season>
  <Director></Director>
  <EpImgFlag></EpImgFlag>
  <EpisodeName>Chapter Thirteen: The Storm</EpisodeName>
  <EpisodeNumber>5</EpisodeNumber>
  <FirstAired></FirstAired>
  <GuestStars></GuestStars>
  <IMDB_ID>tt6020806</IMDB_ID>
  <Language>fr</Language>
  <Overview></Overview>
  <ProductionCode></ProductionCode>
  <Rating></Rating>
  <RatingCount>0</RatingCount>
  <SeasonNumber>2</SeasonNumber>
  <Writer></Writer>
  <absolute_number>13</absolute_number>
  <filename></filename>
  <is_movie>0</is_movie>
  <lastupdated>1477336173</lastupdated>
  <seasonid>679296</seasonid>
  <seriesid>305288</seriesid>
  <thumb_added></thumb_added>
  <thumb_height></thumb_height>
  <thumb_width></thumb_width>
</Episode>
<Episode>
  <id>5734311</id>
  <Combined_episodenumber>6.0</Combined_episodenumber>
  <Combined_season>2</Combined_season>
  <DVD_chapter></DVD_chapter>
  <DVD_discid></DVD_discid>
  <DVD_episodenumber>6.0</DVD_episodenumber>
  <DVD_season>2</DVD_season>
  <Director></Director>
  <EpImgFlag></EpImgFlag>
  <EpisodeName>Chapter Fourteen: The Pollywog</EpisodeName>
  <EpisodeNumber>6</EpisodeNumber>
  <FirstAired></FirstAired>
  <GuestStars></GuestStars>
  <IMDB_ID>tt6020808</IMDB_ID>
  <Language>fr</Language>
  <Overview></Overview>
  <ProductionCode></ProductionCode>
  <Rating></Rating>
  <RatingCount>0</RatingCount>
  <SeasonNumber>2</SeasonNumber>
  <Writer></Writer>
  <absolute_number>14</absolute_number>
  <filename></filename>
  <is_movie>0</is_movie>
  <lastupdated>1477336179</lastupdated>
  <seasonid>679296</seasonid>
  <seriesid>305288</seriesid>
  <thumb_added></thumb_added>
  <thumb_height></thumb_height>
  <thumb_width></thumb_width>
</Episode>
<Episode>
  <id>5734312</id>
  <Combined_episodenumber>7.0</Combined_episodenumber>
  <Combined_season>2</Combined_season>
  <DVD_chapter></DVD_chapter>
  <DVD_discid></DVD_discid>
  <DVD_episodenumber>7.0</DVD_episodenumber>
  <DVD_season>2</DVD_season>
  <Director></Director>
  <EpImgFlag></EpImgFlag>
  <EpisodeName>Chapter Fifteen: The Secret Cabin</EpisodeName>
  <EpisodeNumber>7</EpisodeNumber>
  <FirstAired></FirstAired>
  <GuestStars></GuestStars>
  <IMDB_ID>tt6020810</IMDB_ID>
  <Language>fr</Language>
  <Overview></Overview>
  <ProductionCode></ProductionCode>
  <Rating></Rating>
  <RatingCount>0</RatingCount>
  <SeasonNumber>2</SeasonNumber>
  <Writer></Writer>
  <absolute_number>15</absolute_number>
  <filename></filename>
  <is_movie>0</is_movie>
  <lastupdated>1477336185</lastupdated>
  <seasonid>679296</seasonid>
  <seriesid>305288</seriesid>
  <thumb_added></thumb_added>
  <thumb_height></thumb_height>
  <thumb_width></thumb_width>
</Episode>
<Episode>
  <id>5734313</id>
  <Combined_episodenumber>8.0</Combined_episodenumber>
  <Combined_season>2</Combined_season>
  <DVD_chapter></DVD_chapter>
  <DVD_discid></DVD_discid>
  <DVD_episodenumber>8.0</DVD_episodenumber>
  <DVD_season>2</DVD_season>
  <Director></Director>
  <EpImgFlag></EpImgFlag>
  <EpisodeName>Chapter Sixteen: The Brain</EpisodeName>
  <EpisodeNumber>8</EpisodeNumber>
  <FirstAired></FirstAired>
  <GuestStars></GuestStars>
  <IMDB_ID>tt6020812</IMDB_ID>
  <Language>fr</Language>
  <Overview></Overview>
  <ProductionCode></ProductionCode>
  <Rating></Rating>
  <RatingCount>0</RatingCount>
  <SeasonNumber>2</SeasonNumber>
  <Writer></Writer>
  <absolute_number>16</absolute_number>
  <filename></filename>
  <is_movie>0</is_movie>
  <lastupdated>1477336191</lastupdated>
  <seasonid>679296</seasonid>
  <seriesid>305288</seriesid>
  <thumb_added></thumb_added>
  <thumb_height></thumb_height>
  <thumb_width></thumb_width>
</Episode>
<Episode>
  <id>5734314</id>
  <Combined_episodenumber>9.0</Combined_episodenumber>
  <Combined_season>2</Combined_season>
  <DVD_chapter></DVD_chapter>
  <DVD_discid></DVD_discid>
  <DVD_episodenumber>9.0</DVD_episodenumber>
  <DVD_season>2</DVD_season>
  <Director></Director>
  <EpImgFlag></EpImgFlag>
  <EpisodeName>Chapter Seventeen: The Lost Brother</EpisodeName>
  <EpisodeNumber>9</EpisodeNumber>
  <FirstAired></FirstAired>
  <GuestStars></GuestStars>
  <IMDB_ID>tt6020876</IMDB_ID>
  <Language>fr</Language>
  <Overview></Overview>
  <ProductionCode></ProductionCode>
  <Rating></Rating>
  <RatingCount>0</RatingCount>
  <SeasonNumber>2</SeasonNumber>
  <Writer></Writer>
  <absolute_number>17</absolute_number>
  <filename></filename>
  <is_movie>0</is_movie>
  <lastupdated>1477336197</lastupdated>
  <seasonid>679296</seasonid>
  <seriesid>305288</seriesid>
  <thumb_added></thumb_added>
  <thumb_height></thumb_height>
  <thumb_width></thumb_width>
</Episode>
</Data>